"0","library(tidyverse)
"
"2","Registered S3 method overwritten by 'dplyr':
  method           from
  print.rowwise_df     
"
"2","Registered S3 methods overwritten by 'dbplyr':
  method         from
  print.tbl_lazy     
  print.tbl_sql      
"
"2","[37m-- [1mAttaching packages[22m --------------------------------------- tidyverse 1.3.0 --[39m
"
"2","[37m[32m<U+2713>[37m [34mggplot2[37m 3.3.0     [32m<U+2713>[37m [34mpurrr  [37m 0.3.3
[32m<U+2713>[37m [34mtibble [37m 2.1.3     [32m<U+2713>[37m [34mdplyr  [37m 0.8.3
[32m<U+2713>[37m [34mtidyr  [37m 1.0.0     [32m<U+2713>[37m [34mstringr[37m 1.4.0
[32m<U+2713>[37m [34mreadr  [37m 1.3.1     [32m<U+2713>[37m [34mforcats[37m 0.4.0[39m
"
"2","пакет Сggplot2Т был собран под R версии 3.6.3"
"2","пакет СreadrТ был собран под R версии 3.6.3"
"2","[37m-- [1mConflicts[22m ------------------------------------------ tidyverse_conflicts() --
[31mx[37m [34mdplyr[37m::[32mfilter()[37m masks [34mstats[37m::filter()
[31mx[37m [34mdplyr[37m::[32mlag()[37m    masks [34mstats[37m::lag()[39m
"
"0","library(tidyverse)"
"0","library(plotly)"
"2","Registered S3 method overwritten by 'data.table':
  method           from
  print.data.table     
"
"2","Registered S3 methods overwritten by 'htmltools':
  method               from         
  print.html           tools:rstudio
  print.shiny.tag      tools:rstudio
  print.shiny.tag.list tools:rstudio
"
"2","Registered S3 method overwritten by 'htmlwidgets':
  method           from         
  print.htmlwidget tools:rstudio
"
"2","
ѕрисоедин€ю пакет: СplotlyТ

"
"2","—ледующий объект скрыт от Сpackage:ggplot2Т:

    last_plot

"
"2","—ледующий объект скрыт от Сpackage:statsТ:

    filter

"
"2","—ледующий объект скрыт от Сpackage:graphicsТ:

    layout

"
